"lon","lat","order"
121.778859,31.310198,1
121.775374,31.31067,2
121.770952,31.31168,3
121.767397,31.313293,4
121.764248,31.315309,5
121.760762,31.320345,6
121.75586,31.329072,7
121.751166,31.337799,8
121.747408,31.341189,9
121.744656,31.343672,10
121.740767,31.346488,11
121.733117,31.351519,12
121.727939,31.354803,13
121.686683,31.376591,14
121.641039,31.401111,15
121.601422,31.421856,16
121.590378,31.427544,17
121.572251,31.436067,18
121.558469,31.448792,19
121.549768,31.457064,20
121.543277,31.462399,21
121.537418,31.466701,22
121.52951,31.471167,23
121.516855,31.477316,24
121.512903,31.480345,25
121.510135,31.482575,26
121.509106,31.485357,27
121.508873,31.487658,28
121.509349,31.489801,29
121.511088,31.49178,30
121.513458,31.493359,31
121.516935,31.494302,32
121.52113,31.493973,33
121.549922,31.48975,34
121.562352,31.486372,35
121.565523,31.484939,36
121.567342,31.483506,37
121.569646,31.477946,38
121.572808,31.469448,39
121.575824,31.463808,40
121.580417,31.458802,41
121.583035,31.456259,42
121.585567,31.454671,43
121.59981,31.450684,44
121.60632,31.449408,45
121.621759,31.444148,46
121.673842,31.427748,47
121.688288,31.425882,48
121.697193,31.423993,49
121.708321,31.419726,50
121.723713,31.412359,51
121.729291,31.410351,52
121.737481,31.408814,53
121.742179,31.407206,54
121.746545,31.404724,55
121.753723,31.400362,56
121.760851,31.395185,57
121.769386,31.390744,58
121.774137,31.386985,59
121.780573,31.380157,60
121.783448,31.376711,61
121.787882,31.371636,62
121.790881,31.367062,63
121.79238,31.363305,64
121.792879,31.35911,65
121.793003,31.355071,66
121.796012,31.345623,67
121.796479,31.339783,68
121.796479,31.335419,69
121.795872,31.329982,70
121.794069,31.319547,71
121.792726,31.316728,72
121.790984,31.314314,73
121.787899,31.312002,74
121.78549,31.311064,75
121.782005,31.31033,76
121.778859,NA,77
121.621542,31.445816,78
121.616871,31.446642,79
121.613861,31.447886,80
121.594151,31.458573,81
121.589694,31.46148,82
121.586274,31.464076,83
121.577881,31.472489,84
121.57612,31.474774,85
121.575602,31.47685,86
121.575809,31.478199,87
121.577156,31.479339,88
121.579642,31.479647,89
121.586896,31.479537,90
121.595294,31.478288,91
121.602138,31.476835,92
121.60857,31.474449,93
121.613655,31.471338,94
121.625177,31.462214,95
121.631616,31.456825,96
121.635043,31.45299,97
121.63629,31.449878,98
121.635666,31.447802,99
121.634004,31.445932,100
121.631511,31.445099,101
121.627045,NA,102
122.242482,31.419186,103
122.242611,31.419303,104
122.242768,31.420382,105
122.242872,31.420597,106
122.243123,31.420685,107
122.243419,31.420666,108
122.243887,31.420412,109
122.244078,31.420381,110
122.244355,31.42047,111
122.244564,31.420685,112
122.245032,31.421264,113
122.245214,31.421323,114
122.245371,31.421314,115
122.245492,31.421242,116
122.245579,31.421028,117
122.245657,31.420915,118
122.24583,31.420845,119
122.245891,31.420756,120
122.245917,31.420556,121
122.245995,31.420493,122
122.246273,31.420446,123
122.246377,31.42038,124
122.246351,31.420283,125
122.24616,31.420146,126
122.246169,31.420046,127
122.246802,31.419948,128
122.246958,31.41982,129
122.247149,31.419332,130
122.247123,31.419134,131
122.247001,31.418967,132
122.246845,31.418924,133
122.246654,31.418939,134
122.246429,31.419028,135
122.246394,31.41898,136
122.246472,31.418833,137
122.246455,31.418726,138
122.246394,31.418657,139
122.246273,31.41864,140
122.246047,31.418798,141
122.245986,31.418765,142
122.245969,31.418533,143
122.245856,31.418427,144
122.245587,31.418338,145
122.245283,31.418349,146
122.245006,31.418466,147
122.244884,31.418471,148
122.244763,31.418408,149
122.244537,31.41826,150
122.244364,31.41826,151
122.244208,31.418338,152
122.243835,31.418608,153
122.243687,31.418647,154
122.243609,31.418608,155
122.243566,31.41853,156
122.243722,31.418185,157
122.243687,31.418046,158
122.243566,31.417833,159
122.243392,31.417746,160
122.243219,31.417766,161
122.242611,31.418116,162
122.242455,31.418174,163
122.242247,31.418196,164
122.241848,31.418174,165
122.241623,31.418225,166
122.241475,31.4184,167
122.241458,31.418646,168
122.241536,31.418863,169
122.24171,31.418999,170
122.242013,NA,171
121.88991,31.242595,172
121.897368,31.242113,173
121.905931,31.239413,174
121.915452,31.236555,175
121.923553,31.233862,176
121.926732,31.229735,177
121.927522,31.224019,178
121.925453,31.205436,179
121.922438,31.196858,180
121.918782,31.194315,181
121.91386,31.193835,182
121.908782,31.195265,183
121.901642,31.201457,184
121.889275,31.215002,185
121.885158,31.220524,186
121.88254,31.225607,187
121.881431,31.231166,188
121.880877,31.236328,189
121.881831,31.239583,190
121.88262,NA,191
121.407081,30.705096,192
121.407905,30.705135,193
121.408626,30.705204,194
121.408955,30.705204,195
121.409155,30.705076,196
121.409329,30.704857,197
121.409294,30.70452,198
121.409103,30.70432,199
121.408773,30.704093,200
121.40662,30.703089,201
121.406377,30.703031,202
121.406073,30.70305,203
121.405969,30.70317,204
121.405969,30.703448,205
121.406178,30.704242,206
121.40636,30.704707,207
121.406568,30.704916,208
121.406768,NA,209
121.423764,30.691322,210
121.424874,30.69138,211
121.425967,30.691479,212
121.426618,30.69128,213
121.427389,30.690683,214
121.428447,30.68977,215
121.428915,30.689114,216
121.428698,30.688577,217
121.428247,30.688222,218
121.425368,30.687369,219
121.424736,30.687469,220
121.424042,30.687906,221
121.423313,30.688563,222
121.422316,30.688961,223
121.421284,30.68914,224
121.420278,30.689479,225
121.419479,30.689855,226
121.418829,30.690511,227
121.418751,30.691106,228
121.41895,30.691405,229
121.419462,30.691622,230
121.420694,30.691641,231
121.422455,NA,232
121.427068,30.682126,233
121.428203,30.681856,234
121.428594,30.681747,235
121.42868,30.681695,236
121.428732,30.681595,237
121.428741,30.681484,238
121.428698,30.681369,239
121.428576,30.681246,240
121.428177,30.681137,241
121.427987,30.681038,242
121.4279,30.680914,243
121.427822,30.680667,244
121.427657,30.680398,245
121.427475,30.680278,246
121.42725,30.680209,247
121.427024,30.680235,248
121.42679,30.68031,249
121.426651,30.680459,250
121.426547,30.680711,251
121.426487,30.681124,252
121.426417,30.681734,253
121.426426,30.681997,254
121.426478,30.682127,255
121.426582,30.682166,256
121.426678,NA,257
121.800564,31.363992,258
121.797673,31.369639,259
121.794326,31.374829,260
121.792804,31.377577,261
121.792805,31.379407,262
121.79387,31.380473,263
121.796761,31.381079,264
121.803456,31.381222,265
121.810454,31.380752,266
121.81745,31.380588,267
121.820492,31.379972,268
121.82475,31.378592,269
121.8284,31.376449,270
121.831746,31.375528,271
121.836004,31.375215,272
121.841935,31.375052,273
121.845585,31.374587,274
121.852886,31.371371,275
121.858514,31.369379,276
121.870381,31.366006,277
121.87586,31.364169,278
121.879056,31.362793,279
121.910971,31.348242,280
121.913657,31.346283,281
121.914781,31.343255,282
121.908562,31.305512,283
121.907255,31.297576,284
121.904934,31.294954,285
121.901472,31.293528,286
121.88999,31.293978,287
121.865962,31.294935,288
121.86079,31.294943,289
121.858964,31.294336,290
121.856682,31.292814,291
121.852879,31.292363,292
121.844362,31.294514,293
121.84056,31.295436,294
121.838583,31.296813,295
121.836302,31.298952,296
121.832044,31.301706,297
121.827634,31.304307,298
121.822615,31.307367,299
121.813186,31.316231,300
121.806646,31.324173,301
121.803756,31.328449,302
121.803148,31.33211,303
121.802692,31.342788,304
121.80178,NA,305
121.988245,31.529597,306
121.993863,31.51189,307
121.995716,31.4931,308
121.991697,31.476758,309
121.981808,31.464095,310
121.967288,31.456662,311
121.934299,31.442359,312
121.918047,31.434692,313
121.90114,31.430125,314
121.89055,31.428788,315
121.882098,31.42866,316
121.87299,31.429341,317
121.857813,31.430044,318
121.845378,31.431892,319
121.834218,31.433977,320
121.819179,31.438211,321
121.763436,31.458228,322
121.729887,31.471978,323
121.682858,31.491068,324
121.670612,31.494217,325
121.638648,31.499722,326
121.625778,31.501769,327
121.617682,31.503668,328
121.60879,31.506904,329
121.54768,31.531128,330
121.471173,31.57443,331
121.43422,31.590338,332
121.414794,31.591078,333
121.40352,31.590007,334
121.395461,31.585441,335
121.372212,31.553206,336
121.345591,31.571686,337
121.289106,31.616282,338
121.179863,31.720773,339
121.145332,31.753923,340
121.142064,31.75531,341
121.118496,31.759078,342
121.149226,31.787289,343
121.181509,31.82041,344
121.200328,31.835144,345
121.225309,31.847039,346
121.242068,31.853401,347
121.25211,31.857733,348
121.265578,31.864123,349
121.28134,31.869038,350
121.291163,31.870989,351
121.301902,31.872716,352
121.310365,31.8725,353
121.315854,31.871484,354
121.323057,31.868533,355
121.36929,31.843281,356
121.376375,31.838576,357
121.385049,31.833531,358
121.391113,31.826365,359
121.395382,31.821294,360
121.396489,31.820182,361
121.397173,31.819593,362
121.398168,31.818344,363
121.399149,31.817478,364
121.399288,31.81711,365
121.400423,31.815713,366
121.402623,31.81348,367
121.405465,31.809838,368
121.40591,31.809536,369
121.40764,31.808806,370
121.410235,31.807159,371
121.411494,31.806345,372
121.413447,31.803245,373
121.41459,31.800979,374
121.415672,31.79938,375
121.416307,31.797644,376
121.41474,31.796882,377
121.41238,31.796205,378
121.410903,31.795582,379
121.411353,31.794789,380
121.419054,31.78249,381
121.42091,31.779601,382
121.422575,31.777784,383
121.425783,31.774271,384
121.431488,31.769262,385
121.433283,31.768613,386
121.439497,31.766363,387
121.445388,31.764301,388
121.449745,31.761664,389
121.455573,31.759342,390
121.464144,31.757142,391
121.476813,31.756146,392
121.487748,31.75342,393
121.49856,31.75326,394
121.515503,31.741981,395
121.526687,31.740216,396
121.528357,31.73835,397
121.539423,31.735498,398
121.540124,31.733313,399
121.549505,31.726968,400
121.551384,31.727385,401
121.565023,31.716707,402
121.57854,31.710528,403
121.592448,31.706668,404
121.593342,31.704615,405
121.599632,31.702624,406
121.600952,31.70718,407
121.602733,31.707285,408
121.611416,31.704756,409
121.615647,31.702484,410
121.627334,31.69777,411
121.628301,31.698085,412
121.633276,31.696162,413
121.642655,31.69746,414
121.715262,31.673842,415
121.817811,31.652028,416
121.887611,31.63638,417
121.975185,NA,418
121.94659,31.224363,419
121.951043,31.228817,420
121.957253,31.230419,421
121.969182,31.230287,422
121.980661,31.228092,423
121.989661,31.224526,424
122.008565,31.220992,425
122.01104,31.217408,426
122.012615,31.210006,427
122.012013,31.192045,428
122.010588,31.188003,429
122.00541,31.176988,430
121.999558,31.165074,431
121.995732,31.160798,432
121.975861,31.158839,433
121.970769,31.157556,434
121.965678,31.157543,435
121.959631,31.159277,436
121.952629,31.167202,437
121.948021,31.176404,438
121.944839,31.18688,439
121.942614,31.198469,440
121.941824,31.20768,441
121.943251,NA,442
121.538014,31.388495,443
121.559815,31.383606,444
121.583861,31.378505,445
121.593713,31.376417,446
121.598945,31.374606,447
121.603041,31.372658,448
121.6066,31.370442,449
121.610558,31.368197,450
121.689453,31.322463,451
121.698862,31.317176,452
121.712432,31.309411,453
121.722514,31.303514,454
121.729099,31.298287,455
121.743748,31.283202,456
121.809814,31.196909,457
121.853365,31.155347,458
121.86316,31.147402,459
121.884036,31.13064,460
121.889459,31.121706,461
121.946794,31.065888,462
121.962676,31.047288,463
121.977555,31.016104,464
121.990932,30.968427,465
121.996232,30.935457,466
121.998493,30.899961,467
121.996985,30.874903,468
121.993954,30.863059,469
121.985368,30.850696,470
121.970734,30.839074,471
121.954715,30.825817,472
121.954332,30.821411,473
121.955471,30.817133,474
121.969709,30.789198,475
121.943682,30.777097,476
121.924604,30.806606,477
121.915287,30.812895,478
121.904465,30.814152,479
121.793767,30.816863,480
121.779138,30.817218,481
121.727069,30.817719,482
121.681193,30.818403,483
121.648424,30.816202,484
121.601328,30.805082,485
121.55283,30.7894,486
121.517203,30.775392,487
121.482853,30.758373,488
121.47877,30.756344,489
121.426361,30.730284,490
121.406995,30.718082,491
121.361894,30.679523,492
121.354336,30.676992,493
121.346646,30.675593,494
121.326714,30.675933,495
121.291036,30.67833,496
121.274652,30.677397,497
121.272915,30.688299,498
121.272411,30.693271,499
121.271603,30.696892,500
121.271436,30.697181,501
121.271295,30.697378,502
121.270666,30.69772,503
121.270412,30.698025,504
121.27037,30.69851,505
121.270831,30.699164,506
121.270909,30.699781,507
121.270448,30.700515,508
121.271065,30.701053,509
121.270718,30.701555,510
121.268563,30.702131,511
121.268407,30.70298,512
121.268442,30.704057,513
121.267791,30.704673,514
121.267791,30.705099,515
121.268025,30.7061,516
121.267478,30.706486,517
121.267209,30.706214,518
121.26667,30.706292,519
121.266557,30.707332,520
121.266288,30.708335,521
121.265863,30.70949,522
121.266983,30.711225,523
121.268443,30.712151,524
121.267062,30.71504,525
121.268599,30.715888,526
121.269598,30.716698,527
121.270337,30.716892,528
121.270024,30.719473,529
121.270103,30.720474,530
121.270876,30.721478,531
121.27138,30.721517,532
121.272032,30.72325,533
121.271762,30.724253,534
121.270337,30.72587,535
121.27145,30.726257,536
121.27145,30.72695,537
121.269643,30.726949,538
121.269643,30.727489,539
121.271067,30.727914,540
121.270373,30.729763,541
121.269756,30.730108,542
121.269756,30.730725,543
121.27145,30.732267,544
121.27145,30.73273,545
121.27026,30.732653,546
121.2696,30.733462,547
121.268175,30.734925,548
121.267176,30.734577,549
121.266829,30.733498,550
121.265726,30.734236,551
121.263598,30.736363,552
121.261349,30.738218,553
121.259803,30.739959,554
121.258023,30.742319,555
121.2564,30.743945,556
121.254307,30.745107,557
121.248587,30.747661,558
121.24476,30.749182,559
121.243102,30.750531,560
121.242018,30.749799,561
121.241133,30.750338,562
121.24168,30.751072,563
121.239632,30.752035,564
121.238946,30.751536,565
121.238331,30.751805,566
121.238331,30.752344,567
121.237289,30.752653,568
121.236361,30.751845,569
121.23552,30.752269,570
121.236483,30.75381,571
121.235034,30.754508,572
121.232302,30.755815,573
121.23199,30.756398,574
121.231643,30.75782,575
121.230975,30.760897,576
121.230681,30.76374,577
121.229666,30.766296,578
121.22912,30.76798,579
121.228392,30.769198,580
121.226918,30.770826,581
121.22782,30.772006,582
121.227395,30.772547,583
121.226207,30.772972,584
121.226241,30.774359,585
121.226207,30.775091,586
121.225591,30.776594,587
121.224629,30.776982,588
121.223397,30.77598,589
121.222123,30.777119,590
121.221282,30.779094,591
121.220302,30.780459,592
121.219609,30.782144,593
121.218682,30.783624,594
121.217988,30.78496,595
121.216913,30.78563,596
121.213723,30.785924,597
121.20958,30.785873,598
121.205533,30.785907,599
121.203627,30.784909,600
121.201053,30.783989,601
121.200091,30.783298,602
121.200091,30.782564,603
121.200169,30.781793,604
121.199172,30.780754,605
121.199207,30.779176,606
121.200125,30.776245,607
121.200324,30.773624,608
121.198279,30.773897,609
121.196953,30.773354,610
121.195853,30.774431,611
121.193687,30.776495,612
121.192873,30.777686,613
121.191833,30.778848,614
121.191166,30.780128,615
121.190967,30.781086,616
121.190621,30.780767,617
121.190127,30.780216,618
121.189919,30.779548,619
121.18952,30.778969,620
121.189079,30.778942,621
121.187805,30.779552,622
121.187112,30.779495,623
121.186358,30.779033,624
121.186159,30.778626,625
121.186133,30.777466,626
121.185786,30.776655,627
121.184859,30.775842,628
121.183438,30.775033,629
121.183005,30.775179,630
121.182364,30.775007,631
121.181065,30.774399,632
121.179964,30.774373,633
121.178743,30.773593,634
121.177002,30.772882,635
121.174671,30.772014,636
121.174472,30.772848,637
121.173563,30.773642,638
121.172263,30.774201,639
121.17099,30.774679,640
121.170834,30.775235,641
121.171076,30.775788,642
121.17099,30.776105,643
121.170912,30.776622,644
121.170791,30.777089,645
121.169803,30.776946,646
121.169396,30.776191,647
121.168963,30.775959,648
121.168096,30.775787,649
121.166563,30.775588,650
121.165515,30.775212,651
121.163435,30.775275,652
121.162708,30.774666,653
121.16152,30.773537,654
121.160741,30.773219,655
121.16068,30.776584,656
121.160247,30.776789,657
121.159147,30.776878,658
121.158454,30.777227,659
121.157527,30.777634,660
121.156712,30.777375,661
121.15582,30.777203,662
121.154485,30.777813,663
121.152692,30.778978,664
121.151072,30.779011,665
121.148836,30.779158,666
121.14783,30.779479,667
121.145742,30.779395,668
121.144121,30.779484,669
121.143705,30.779064,670
121.143419,30.778196,671
121.142708,30.778019,672
121.141486,30.777775,673
121.141018,30.777418,674
121.140619,30.776927,675
121.139527,30.777287,676
121.138704,30.777599,677
121.138704,30.778426,678
121.137473,30.778271,679
121.136762,30.777825,680
121.136025,30.777335,681
121.135097,30.77718,682
121.13182,30.777319,683
121.130927,30.777587,684
121.12973,30.7781,685
121.128924,30.77837,686
121.128119,30.778513,687
121.127524,30.778677,688
121.126298,30.778752,689
121.123426,30.778949,690
121.122998,30.779016,691
121.12279,30.779178,692
121.122609,30.779835,693
121.122322,30.780358,694
121.121812,30.781052,695
121.121026,30.78209,696
121.120359,30.782984,697
121.119895,30.783509,698
121.119431,30.783843,699
121.118098,30.784559,700
121.117764,30.784822,701
121.117371,30.785287,702
121.117264,30.785478,703
121.117217,30.786074,704
121.117467,30.786658,705
121.117812,30.787158,706
121.118038,30.787432,707
121.118336,30.787694,708
121.118872,30.788087,709
121.119515,30.788384,710
121.120039,30.788551,711
121.120431,30.788563,712
121.121157,30.788526,713
121.123086,30.788132,714
121.124455,30.788094,715
121.125252,30.788177,716
121.125836,30.788367,717
121.126288,30.788582,718
121.126573,30.788998,719
121.126669,30.789499,720
121.126621,30.790226,721
121.126526,30.790679,722
121.126128,30.792098,723
121.126057,30.792598,724
121.126045,30.79304,725
121.126116,30.793421,726
121.12639,30.794255,727
121.126569,30.794829,728
121.126602,30.795003,729
121.126622,30.795211,730
121.126656,30.795774,731
121.126656,30.796196,732
121.126603,30.79753,733
121.126609,30.797973,734
121.12665,30.798402,735
121.127078,30.800165,736
121.127118,30.800487,737
121.127152,30.800802,738
121.127119,30.801854,739
121.127139,30.802699,740
121.127246,30.803551,741
121.127406,30.804308,742
121.127587,30.805515,743
121.128237,30.807183,744
121.128257,30.807706,745
121.128204,30.809148,746
121.128123,30.809966,747
121.128143,30.81008,748
121.128204,30.810227,749
121.128424,30.810468,750
121.12894,30.811065,751
121.129067,30.811259,752
121.129215,30.811467,753
121.129306,30.811709,754
121.129437,30.812257,755
121.129471,30.81239,756
121.129556,30.812722,757
121.129794,30.814021,758
121.129985,30.814824,759
121.130104,30.815197,760
121.130222,30.81558,761
121.130392,30.815843,762
121.130774,30.816038,763
121.131105,30.816207,764
121.13152,30.816546,765
121.131707,30.816844,766
121.131957,30.817697,767
121.132372,30.819285,768
121.133136,30.819964,769
121.133674,30.820434,770
121.134548,30.821334,771
121.134887,30.821945,772
121.135154,30.822365,773
121.136163,30.82385,774
121.136485,30.824291,775
121.136799,30.824614,776
121.137045,30.824767,777
121.137251,30.824817,778
121.137416,30.825031,779
121.13765,30.826232,780
121.13726,30.827391,781
121.137191,30.828786,782
121.137416,30.829984,783
121.137104,30.830327,784
121.136515,30.829972,785
121.136394,30.829417,786
121.136237,30.827871,787
121.134261,30.828507,788
121.134061,30.830331,789
121.133828,30.831046,790
121.132917,30.831603,791
121.134617,30.833027,792
121.133386,30.834458,793
121.13212,30.835766,794
121.131608,30.836006,795
121.129987,30.834896,796
121.129111,30.835374,797
121.127689,30.835652,798
121.125391,30.835814,799
121.123057,30.836053,800
121.120637,30.836333,801
121.120525,30.835818,802
121.119371,30.836136,803
121.119015,30.835025,804
121.117748,30.835304,805
121.119839,30.837732,806
121.120221,30.839093,807
121.120048,30.841093,808
121.120048,30.842745,809
121.120248,30.843297,810
121.123544,30.847263,811
121.122157,30.847931,812
121.122157,30.84822,813
121.122677,30.848858,814
121.122365,30.849408,815
121.121723,30.849988,816
121.12115,30.850162,817
121.120803,30.849874,818
121.120049,30.849121,819
121.114748,30.851471,820
121.113446,30.852601,821
121.113681,30.852861,822
121.113707,30.853298,823
121.113386,30.85376,824
121.11316,30.854051,825
121.112665,30.853993,826
121.112171,30.853615,827
121.112292,30.853385,828
121.112579,30.853007,829
121.112084,30.852893,830
121.111537,30.852545,831
121.110904,30.851414,832
121.108352,30.850605,833
121.104793,30.849329,834
121.103916,30.850488,835
121.102267,30.850256,836
121.101607,30.850808,837
121.100096,30.851763,838
121.099514,30.852547,839
121.09981,30.852953,840
121.10027,30.853589,841
121.100122,30.853908,842
121.099428,30.85411,843
121.098594,30.853647,844
121.097691,30.854922,845
121.09836,30.855588,846
121.098212,30.855877,847
121.097578,30.856138,848
121.097543,30.856574,849
121.097717,30.857097,850
121.097343,30.856929,851
121.097164,30.856844,852
121.09468,30.855656,853
121.091107,30.853814,854
121.087255,30.852037,855
121.085457,30.851081,856
121.084015,30.850279,857
121.081278,30.849083,858
121.080476,30.848741,859
121.079885,30.848741,860
121.078179,30.848925,861
121.073572,30.84892,862
121.072021,30.848895,863
121.071261,30.848683,864
121.068183,30.848633,865
121.066998,30.848773,866
121.066287,30.848461,867
121.063972,30.847225,868
121.060527,30.845181,869
121.061669,30.843381,870
121.060225,30.842798,871
121.060973,30.841293,872
121.061007,30.840133,873
121.061468,30.838571,874
121.062051,30.837788,875
121.056334,30.835604,876
121.051077,30.83287,877
121.046751,30.831092,878
121.048892,30.825185,879
121.04669,30.825219,880
121.045105,30.825912,881
121.044252,30.826879,882
121.043512,30.828153,883
121.042947,30.828098,884
121.041954,30.827893,885
121.040822,30.827513,886
121.039951,30.827222,887
121.03989,30.826816,888
121.040186,30.826528,889
121.041109,30.826007,890
121.041753,30.825372,891
121.041718,30.824851,892
121.04137,30.824502,893
121.040735,30.82447,894
121.040273,30.824383,895
121.040212,30.824035,896
121.04036,30.823455,897
121.039925,30.823107,898
121.039219,30.822525,899
121.039219,30.822518,900
121.039195,30.822445,901
121.039191,30.822428,902
121.039189,30.822403,903
121.039194,30.822384,904
121.039204,30.822361,905
121.039219,30.822336,906
121.039219,30.821744,907
121.039193,30.820873,908
121.037687,30.820261,909
121.037974,30.819363,910
121.038644,30.818698,911
121.03908,30.818584,912
121.040098,30.818791,913
121.041082,30.819197,914
121.041492,30.819865,915
121.04076,30.821602,916
121.041318,30.821545,917
121.041579,30.821198,918
121.042301,30.819693,919
121.043755,30.820016,920
121.044974,30.815526,921
121.040516,30.814492,922
121.037912,30.813887,923
121.037877,30.814345,924
121.037741,30.814498,925
121.037512,30.814756,926
121.037279,30.815355,927
121.036408,30.817245,928
121.036176,30.81796,929
121.036311,30.818211,930
121.036641,30.818444,931
121.035808,30.82018,932
121.035382,30.820546,933
121.035072,30.820932,934
121.03331,30.823882,935
121.030056,30.828548,936
121.029504,30.82896,937
121.028151,30.829118,938
121.024963,30.83054,939
121.019806,30.832306,940
121.014875,30.833957,941
121.014405,30.835814,942
121.013159,30.835435,943
121.011617,30.834907,944
121.010894,30.834616,945
121.006938,30.830778,946
121.004786,30.827847,947
121.003418,30.828711,948
121.003218,30.828304,949
121.004002,30.82764,950
121.004324,30.82686,951
121.003914,30.826539,952
121.003444,30.826305,953
121.003095,30.82645,954
121.001615,30.82772,955
121.001911,30.828765,956
121.001327,30.829371,957
121.000543,30.829428,958
120.999724,30.828845,959
120.998478,30.828232,960
120.997755,30.827042,961
120.998278,30.826696,962
120.996213,30.824082,963
120.995193,30.824398,964
120.994958,30.823789,965
120.995716,30.823385,966
120.99589,30.822952,967
120.994609,30.821497,968
120.993625,30.821438,969
120.992057,30.822187,970
120.990924,30.822705,971
120.990889,30.823312,972
120.991151,30.823893,973
120.992754,30.825693,974
120.992754,30.82613,975
120.992493,30.826418,976
120.991012,30.827282,977
120.99008,30.827831,978
120.989148,30.828697,979
120.992458,30.831575,980
120.990777,30.832121,981
120.989122,30.832318,982
120.98947,30.833711,983
120.989993,30.834727,984
120.991319,30.836118,985
120.991773,30.837218,986
120.992238,30.837901,987
120.992863,30.838395,988
120.993445,30.838513,989
120.995113,30.8387,990
120.995656,30.83857,991
120.996179,30.840627,992
120.997111,30.840689,993
120.99665,30.841354,994
120.996911,30.842282,995
120.997756,30.84408,996
120.999899,30.843333,997
121.00037,30.844292,998
121.00098,30.845627,999
121.001651,30.846266,1000
121.002261,30.846385,1001
121.00301,30.845836,1002
121.003977,30.846099,1003
121.004814,30.84697,1004
121.005546,30.847989,1005
121.006469,30.850454,1006
121.008011,30.850573,1007
121.008595,30.851272,1008
121.009615,30.852693,1009
121.010137,30.853131,1010
121.010573,30.852959,1011
121.011592,30.852237,1012
121.013361,30.85169,1013
121.015016,30.853608,1014
121.010983,30.85603,1015
121.012813,30.858181,1016
121.012255,30.85902,1017
121.012516,30.859396,1018
121.013274,30.859516,1019
121.014268,30.858939,1020
121.0154,30.860536,1021
121.014442,30.861169,1022
121.016271,30.862856,1023
121.013972,30.864386,1024
121.016211,30.867231,1025
121.016969,30.867292,1026
121.017779,30.869381,1027
121.014821,30.871026,1028
121.017783,30.873359,1029
121.020463,30.871877,1030
121.021508,30.872885,1031
121.019801,30.874001,1032
121.020463,30.874698,1033
121.021081,30.874237,1034
121.021892,30.875167,1035
121.019418,30.876666,1036
121.019958,30.878097,1037
121.021273,30.878101,1038
121.021465,30.878796,1039
121.020193,30.879489,1040
121.019496,30.879989,1041
121.018599,30.88072,1042
121.017981,30.8818,1043
121.017475,30.882725,1044
121.015655,30.88249,1045
121.012283,30.882247,1046
121.009922,30.882473,1047
121.008293,30.882969,1048
121.007944,30.883431,1049
121.007901,30.884049,1050
121.007927,30.884686,1051
121.008877,30.886237,1052
121.009077,30.887137,1053
121.008903,30.887746,1054
121.00852,30.888127,1055
121.007223,30.888472,1056
121.005012,30.888794,1057
120.993819,30.889664,1058
120.993421,30.889722,1059
120.993143,30.889999,1060
120.992951,30.890792,1061
120.992922,30.893301,1062
120.9929,30.893915,1063
120.992508,30.894337,1064
120.99184,30.894712,1065
120.990505,30.895391,1066
120.990405,30.895558,1067
120.990461,30.895793,1068
120.992341,30.899112,1069
120.992576,30.899458,1070
120.992654,30.899737,1071
120.992677,30.901824,1072
120.992811,30.902159,1073
120.993538,30.902764,1074
120.994154,30.903279,1075
120.995094,30.903627,1076
120.995721,30.903718,1077
120.996427,30.903566,1078
120.998633,30.903388,1079
120.998711,30.905944,1080
121.000044,30.905414,1081
121.001847,30.904922,1082
121.002571,30.904848,1083
121.003224,30.905804,1084
121.003608,30.907064,1085
121.004522,30.906954,1086
121.004575,30.909301,1087
121.003704,30.909531,1088
121.002013,30.90996,1089
121.000585,30.909984,1090
120.999365,30.90975,1091
120.99872,30.908847,1092
120.998345,30.908701,1093
120.99852,30.910938,1094
120.99913,30.912586,1095
120.999382,30.912893,1096
120.99947,30.913262,1097
120.999626,30.913955,1098
120.999583,30.914502,1099
120.999566,30.915451,1100
120.999679,30.918268,1101
120.999837,30.927812,1102
121.000029,30.9347,1103
121.000273,30.93654,1104
121.000822,30.937731,1105
121.000387,30.938195,1106
120.999019,30.939292,1107
120.997477,30.941146,1108
120.996484,30.942711,1109
120.995674,30.944332,1110
120.996815,30.944622,1111
120.996728,30.950309,1112
120.995369,30.950366,1113
120.994795,30.954824,1114
120.99253,30.955026,1115
120.991685,30.958215,1116
120.99476,30.958698,1117
120.9926,30.962834,1118
120.993698,30.964023,1119
120.99321,30.964532,1120
120.993672,30.965137,1121
120.993184,30.9663,1122
120.992112,30.966053,1123
120.991433,30.968377,1124
120.992452,30.968671,1125
120.991851,30.970511,1126
120.993114,30.970734,1127
120.993141,30.972115,1128
120.99565,30.972048,1129
120.996703,30.97229,1130
120.996748,30.972317,1131
120.996785,30.97233,1132
120.996841,30.972345,1133
120.996918,30.972352,1134
120.99698,30.972354,1135
120.997366,30.972442,1136
120.997497,30.973185,1137
120.999117,30.972932,1138
120.999344,30.973868,1139
121.000511,30.973937,1140
121.000511,30.974873,1141
121.000869,30.975682,1142
121.000573,30.977005,1143
121.002359,30.977625,1144
121.002002,30.979498,1145
121.00113,30.979591,1146
121.000834,30.980463,1147
120.999344,30.980102,1148
120.998604,30.982265,1149
120.998282,30.983204,1150
120.998456,30.984067,1151
120.997132,30.989231,1152
120.996209,30.989228,1153
120.99512,30.990601,1154
120.994597,30.991922,1155
120.995347,30.992728,1156
120.994833,30.995254,1157
120.990512,30.994551,1158
120.989841,30.996668,1159
120.992045,30.997109,1160
120.991749,31.000426,1161
120.991619,31.001296,1162
120.990652,31.001584,1163
120.990538,31.003254,1164
120.992089,31.003419,1165
120.991497,31.005165,1166
120.992089,31.005286,1167
120.991053,31.00747,1168
120.991933,31.00815,1169
120.989982,31.010489,1170
120.989058,31.012912,1171
120.990417,31.013811,1172
120.98952,31.014395,1173
120.988327,31.014419,1174
120.987456,31.01418,1175
120.986462,31.014134,1176
120.984921,31.014535,1177
120.983858,31.014447,1178
120.983152,31.015103,1179
120.982987,31.016087,1180
120.977979,31.016338,1181
120.972962,31.016324,1182
120.970202,31.016152,1183
120.967677,31.016211,1184
120.965126,31.016304,1185
120.963202,31.016597,1186
120.962862,31.017558,1187
120.964856,31.019747,1188
120.96429,31.020767,1189
120.961443,31.021198,1190
120.960477,31.021665,1191
120.959476,31.024269,1192
120.958302,31.02857,1193
120.9559,31.029472,1194
120.954812,31.030056,1195
120.95402,31.030172,1196
120.953106,31.029994,1197
120.952201,31.030257,1198
120.951087,31.029083,1199
120.950026,31.02955,1200
120.949121,31.029958,1201
120.948181,31.028434,1202
120.949443,31.027733,1203
120.948738,31.025068,1204
120.951174,31.024017,1205
120.949973,31.017633,1206
120.936308,31.017111,1207
120.935543,31.016526,1208
120.935751,31.015384,1209
120.94009,31.010031,1210
120.939794,31.009388,1211
120.93809,31.009003,1212
120.933786,31.010023,1213
120.93229,31.010841,1214
120.931378,31.011776,1215
120.929126,31.011481,1216
120.926988,31.012065,1217
120.926162,31.010425,1218
120.918108,31.01279,1219
120.91697,31.012761,1220
120.911021,31.010562,1221
120.909944,31.012642,1222
120.910022,31.015601,1223
120.910057,31.016945,1224
120.901922,31.017473,1225
120.901359,31.017499,1226
120.901055,31.018633,1227
120.90056,31.020428,1228
120.900986,31.022458,1229
120.901342,31.025505,1230
120.901411,31.027466,1231
120.901507,31.033487,1232
120.901976,31.037643,1233
120.901456,31.038753,1234
120.899737,31.039602,1235
120.897021,31.045579,1236
120.897212,31.048223,1237
120.896484,31.049025,1238
120.895442,31.050326,1239
120.894567,31.053892,1240
120.894619,31.05866,1241
120.895912,31.063076,1242
120.897613,31.066995,1243
120.898863,31.070514,1244
120.899575,31.075093,1245
120.899601,31.076628,1246
120.899341,31.077497,1247
120.899619,31.078361,1248
120.900608,31.078443,1249
120.901832,31.078116,1250
120.903403,31.078067,1251
120.904618,31.078523,1252
120.905026,31.079387,1253
120.904723,31.080497,1254
120.90283,31.082716,1255
120.902023,31.083398,1256
120.901676,31.084093,1257
120.902023,31.084992,1258
120.90211,31.085659,1259
120.900461,31.086704,1260
120.899298,31.086936,1261
120.897762,31.086676,1262
120.896695,31.086646,1263
120.896322,31.087721,1264
120.896088,31.089432,1265
120.89542,31.090707,1266
120.893858,31.091405,1267
120.892696,31.092825,1268
120.892175,31.094189,1269
120.892782,31.095841,1270
120.892843,31.096538,1271
120.892349,31.097494,1272
120.891221,31.097175,1273
120.890961,31.095784,1274
120.891021,31.094305,1275
120.890266,31.093986,1276
120.887482,31.094075,1277
120.882391,31.095183,1278
120.878628,31.095419,1279
120.878082,31.095758,1280
120.878238,31.096211,1281
120.878966,31.098384,1282
120.87601,31.097862,1283
120.876634,31.099942,1284
120.873886,31.100449,1285
120.873175,31.100317,1286
120.872542,31.098887,1287
120.871433,31.099312,1288
120.869812,31.098943,1289
120.869578,31.097221,1290
120.865747,31.097624,1291
120.864499,31.098368,1292
120.863997,31.100304,1293
120.862757,31.100119,1294
120.862064,31.101049,1295
120.859768,31.100284,1296
120.858555,31.100842,1297
120.856804,31.102831,1298
120.856857,31.103895,1299
120.856909,31.104979,1300
120.858079,31.107654,1301
120.857914,31.108523,1302
120.858859,31.108697,1303
120.860219,31.109325,1304
120.861372,31.110895,1305
120.862247,31.112503,1306
120.863235,31.113263,1307
120.864015,31.113842,1308
120.86502,31.114142,1309
120.865965,31.114747,1310
120.868713,31.117263,1311
120.870594,31.119712,1312
120.871019,31.121529,1313
120.871019,31.123803,1314
120.871548,31.125691,1315
120.872345,31.127158,1316
120.873394,31.128031,1317
120.87479,31.129463,1318
120.876429,31.131489,1319
120.877686,31.132397,1320
120.878744,31.13338,1321
120.880357,31.134151,1322
120.881293,31.134721,1323
120.898009,31.135921,1324
120.899215,31.136054,1325
120.905396,31.134205,1326
120.906402,31.134272,1327
120.908382,31.134676,1328
120.91262,31.135415,1329
120.916919,31.13619,1330
120.921628,31.138008,1331
120.930336,31.14141,1332
120.952645,31.138253,1333
120.97447,31.133634,1334
120.983911,31.13171,1335
120.985697,31.13185,1336
120.991255,31.133178,1337
121.007268,31.133425,1338
121.017043,31.133993,1339
121.01849,31.134097,1340
121.0193,31.134571,1341
121.022811,31.138311,1342
121.022271,31.140462,1343
121.022907,31.140932,1344
121.025677,31.140773,1345
121.026243,31.142084,1346
121.026618,31.142624,1347
121.027193,31.14266,1348
121.026723,31.143766,1349
121.028369,31.143873,1350
121.028804,31.142463,1351
121.028473,31.141958,1352
121.028778,31.141253,1353
121.031165,31.141661,1354
121.033089,31.142205,1355
121.033594,31.141601,1356
121.034169,31.141166,1357
121.03612,31.140331,1358
121.036259,31.137374,1359
121.037234,31.137478,1360
121.038105,31.13785,1361
121.038645,31.136911,1362
121.04077,31.137587,1363
121.041815,31.138901,1364
121.042825,31.141088,1365
121.044775,31.145529,1366
121.043531,31.146466,1367
121.04239,31.146396,1368
121.041545,31.146932,1369
121.041476,31.149822,1370
121.043435,31.150632,1371
121.045255,31.151577,1372
121.04542,31.154031,1373
121.049129,31.15461,1374
121.050104,31.151992,1375
121.050269,31.150715,1376
121.051888,31.150484,1377
121.053837,31.150858,1378
121.05583,31.15066,1379
121.055656,31.151802,1380
121.057379,31.15278,1381
121.060407,31.15302,1382
121.062556,31.153126,1383
121.062696,31.152119,1384
121.06407,31.152154,1385
121.06414,31.150843,1386
121.066062,31.150948,1387
121.066097,31.149973,1388
121.065418,31.149401,1389
121.065722,31.148596,1390
121.068445,31.148263,1391
121.069123,31.148701,1392
121.068949,31.149498,1393
121.067776,31.152294,1394
121.06848,31.152967,1395
121.070907,31.153509,1396
121.070567,31.155121,1397
121.071411,31.155424,1398
121.072046,31.15351,1399
121.073028,31.153848,1400
121.072559,31.155595,1401
121.073029,31.156267,1402
121.073629,31.156469,1403
121.073837,31.157075,1404
121.077028,31.158456,1405
121.076055,31.160539,1406
121.077063,31.160708,1407
121.077133,31.161884,1408
121.076794,31.162622,1409
121.073699,31.161711,1410
121.073125,31.163256,1411
121.077368,31.164538,1412
121.077298,31.166017,1413
121.075621,31.169478,1414
121.075282,31.17025,1415
121.072386,31.169606,1416
121.071917,31.170513,1417
121.072117,31.171254,1418
121.07276,31.171624,1419
121.072526,31.172698,1420
121.07543,31.173445,1421
121.07423,31.176224,1422
121.071405,31.179475,1423
121.071222,31.181466,1424
121.075587,31.18285,1425
121.074988,31.184385,1426
121.069474,31.182892,1427
121.068752,31.184895,1428
121.070857,31.185615,1429
121.071683,31.185959,1430
121.071736,31.186821,1431
121.07151,31.187702,1432
121.071466,31.188434,1433
121.070344,31.188738,1434
121.070345,31.189863,1435
121.070892,31.190409,1436
121.070614,31.191294,1437
121.071849,31.191431,1438
121.072562,31.191533,1439
121.072188,31.193168,1440
121.07011,31.193608,1441
121.069597,31.19531,1442
121.066796,31.194964,1443
121.066605,31.197187,1444
121.066811,31.197142,1445
121.068284,31.196699,1446
121.069214,31.196519,1447
121.068826,31.198609,1448
121.06861,31.199254,1449
121.068106,31.200481,1450
121.06781,31.200999,1451
121.067445,31.202762,1452
121.067276,31.203579,1453
121.067049,31.204794,1454
121.066568,31.207131,1455
121.06619,31.20851,1456
121.066038,31.209382,1457
121.065894,31.210124,1458
121.065776,31.210914,1459
121.065614,31.211873,1460
121.065398,31.212463,1461
121.065259,31.213396,1462
121.065146,31.213979,1463
121.064974,31.214317,1464
121.064983,31.214753,1465
121.064891,31.215194,1466
121.064755,31.215541,1467
121.064491,31.21628,1468
121.064459,31.216703,1469
121.064334,31.217398,1470
121.06414,31.218273,1471
121.063885,31.219287,1472
121.063764,31.219807,1473
121.063618,31.220652,1474
121.063436,31.221401,1475
121.063379,31.221906,1476
121.06338,31.22256,1477
121.063418,31.222949,1478
121.063296,31.223081,1479
121.063079,31.223323,1480
121.063181,31.223721,1481
121.063191,31.223899,1482
121.06278,31.224162,1483
121.062631,31.224666,1484
121.062785,31.225262,1485
121.062938,31.225914,1486
121.062889,31.226009,1487
121.06285,31.226863,1488
121.06472,31.227275,1489
121.065025,31.228636,1490
121.064651,31.230781,1491
121.065782,31.231191,1492
121.067173,31.230922,1493
121.067382,31.231942,1494
121.067382,31.23293,1495
121.064581,31.23296,1496
121.064555,31.234152,1497
121.063668,31.234151,1498
121.063729,31.235139,1499
121.062607,31.234694,1500
121.061998,31.235238,1501
121.061963,31.236156,1502
121.061241,31.237822,1503
121.062059,31.238097,1504
121.063904,31.238441,1505
121.064112,31.239462,1506
121.063564,31.240994,1507
121.063564,31.242219,1508
121.064721,31.242153,1509
121.065061,31.243142,1510
121.064173,31.243583,1511
121.064147,31.245011,1512
121.064348,31.246136,1513
121.063156,31.246543,1514
121.062268,31.246372,1515
121.061651,31.245246,1516
121.061498,31.245266,1517
121.061335,31.245329,1518
121.061253,31.245352,1519
121.061178,31.245361,1520
121.061083,31.245362,1521
121.060826,31.245353,1522
121.060354,31.245415,1523
121.059806,31.245909,1524
121.058771,31.246398,1525
121.05784,31.24587,1526
121.057161,31.246429,1527
121.058144,31.247044,1528
121.05911,31.247239,1529
121.059685,31.246732,1530
121.060981,31.246489,1531
121.061807,31.248855,1532
121.061512,31.249781,1533
121.061895,31.252969,1534
121.061912,31.255157,1535
121.061303,31.255139,1536
121.061234,31.255699,1537
121.062087,31.256033,1538
121.062156,31.257118,1539
121.062652,31.257699,1540
121.061947,31.257943,1541
121.062374,31.262566,1542
121.062931,31.266664,1543
121.06227,31.266715,1544
121.062462,31.267451,1545
121.063245,31.267906,1546
121.066689,31.267947,1547
121.068698,31.268097,1548
121.070438,31.26853,1549
121.072734,31.269145,1550
121.076638,31.269721,1551
121.079176,31.269883,1552
121.080419,31.270157,1553
121.082149,31.271538,1554
121.082975,31.272856,1555
121.084548,31.275708,1556
121.081359,31.27726,1557
121.082419,31.280921,1558
121.084697,31.287601,1559
121.086974,31.29016,1560
121.08733,31.290658,1561
121.086905,31.291723,1562
121.08879,31.292081,1563
121.090137,31.291903,1564
121.091665,31.290235,1565
121.092195,31.289204,1566
121.093585,31.28988,1567
121.09309,31.28821,1568
121.094262,31.288317,1569
121.0954,31.287004,1570
121.096572,31.283237,1571
121.097371,31.280569,1572
121.097858,31.279673,1573
121.098361,31.278844,1574
121.098057,31.27738,1575
121.098804,31.276251,1576
121.101548,31.275142,1577
121.10318,31.274107,1578
121.105445,31.273651,1579
121.10581,31.27504,1580
121.103848,31.274752,1581
121.103822,31.275327,1582
121.10667,31.276707,1583
121.108032,31.278001,1584
121.109534,31.279783,1585
121.111114,31.281741,1586
121.112476,31.28293,1587
121.113943,31.284432,1588
121.114993,31.285272,1589
121.116356,31.285655,1590
121.117718,31.285689,1591
121.118707,31.284981,1592
121.120363,31.284272,1593
121.120589,31.285199,1594
121.120346,31.28615,1595
121.12065,31.287033,1596
121.121708,31.286724,1597
121.121561,31.28573,1598
121.125177,31.284422,1599
121.124674,31.282742,1600
121.127293,31.281148,1601
121.131048,31.280107,1602
121.131663,31.281365,1603
121.13423,31.280279,1604
121.133631,31.278888,1605
121.135218,31.278334,1606
121.135834,31.279658,1607
121.138088,31.278706,1608
121.137602,31.277667,1609
121.138443,31.277312,1610
121.138503,31.27665,1611
121.139414,31.277002,1612
121.140488,31.276493,1613
121.141173,31.276822,1614
121.141329,31.277729,1615
121.142872,31.27766,1616
121.143002,31.275538,1617
121.145212,31.275292,1618
121.148297,31.275377,1619
121.150394,31.275438,1620
121.153739,31.276642,1621
121.154216,31.276737,1622
121.15438,31.277626,1623
121.155481,31.278437,1624
121.155481,31.279598,1625
121.155542,31.28076,1626
121.15724,31.281095,1627
121.158314,31.281174,1628
121.159406,31.281573,1629
121.159008,31.28262,1630
121.160403,31.283048,1631
121.160966,31.282348,1632
121.16139,31.282536,1633
121.161555,31.282992,1634
121.161286,31.283984,1635
121.160931,31.284736,1636
121.159303,31.287663,1637
121.158523,31.287639,1638
121.158341,31.287263,1639
121.156409,31.287128,1640
121.15634,31.288578,1641
121.155066,31.288556,1642
121.154962,31.290211,1643
121.154687,31.290051,1644
121.153142,31.289964,1645
121.152891,31.291395,1646
121.152571,31.291717,1647
121.152033,31.292005,1648
121.151288,31.291934,1649
121.151106,31.293902,1650
121.152718,31.294077,1651
121.151861,31.296154,1652
121.151789,31.296147,1653
121.151632,31.296177,1654
121.151558,31.296184,1655
121.151495,31.296177,1656
121.151413,31.296155,1657
121.151238,31.296092,1658
121.150431,31.296013,1659
121.150214,31.29673,1660
121.149322,31.296622,1661
121.149356,31.297482,1662
121.148005,31.297447,1663
121.147788,31.298199,1664
121.148828,31.298484,1665
121.148932,31.298877,1666
121.150786,31.299017,1667
121.149118,31.301347,1668
121.149062,31.301412,1669
121.146194,31.307193,1670
121.143776,31.3097,1671
121.141679,31.307886,1672
121.139477,31.306268,1673
121.138957,31.30563,1674
121.139329,31.304731,1675
121.13965,31.302989,1676
121.133772,31.302068,1677
121.132151,31.302185,1678
121.13131,31.302418,1679
121.129948,31.302593,1680
121.129628,31.30329,1681
121.129914,31.303928,1682
121.129715,31.30509,1683
121.129194,31.306426,1684
121.129134,31.307528,1685
121.129776,31.308311,1686
121.129455,31.30892,1687
121.129394,31.309734,1688
121.128874,31.310199,1689
121.129108,31.311302,1690
121.128501,31.311563,1691
121.127972,31.311882,1692
121.128094,31.312926,1693
121.128467,31.313506,1694
121.12864,31.314261,1695
121.128181,31.314639,1696
121.128207,31.315247,1697
121.128241,31.316061,1698
121.12786,31.3167,1699
121.12708,31.316933,1700
121.12708,31.317599,1701
121.126967,31.318587,1702
121.127253,31.319312,1703
121.127921,31.319572,1704
121.128615,31.319543,1705
121.129248,31.320307,1706
121.128988,31.320765,1707
121.128927,31.321156,1708
121.129291,31.321787,1709
121.130436,31.321792,1710
121.130817,31.321959,1711
121.131207,31.322395,1712
121.131077,31.322938,1713
121.131641,31.323245,1714
121.13145,31.323812,1715
121.13145,31.324479,1716
121.131537,31.325438,1717
121.132084,31.32564,1718
121.132786,31.325465,1719
121.133306,31.325579,1720
121.133566,31.32648,1721
121.133271,31.327321,1722
121.132231,31.327526,1723
121.131824,31.328019,1724
121.131858,31.328629,1725
121.133246,31.328686,1726
121.133541,31.329613,1727
121.13348,31.330164,1728
121.132726,31.33066,1729
121.132838,31.331617,1730
121.132578,31.331965,1731
121.131945,31.332111,1732
121.131148,31.332108,1733
121.13107,31.33275,1734
121.130844,31.333649,1735
121.130931,31.334346,1736
121.130116,31.334697,1737
121.12983,31.335103,1738
121.129917,31.335624,1739
121.130463,31.336146,1740
121.130437,31.336756,1741
121.130264,31.337395,1742
121.130377,31.337974,1743
121.13055,31.338612,1744
121.130177,31.33896,1745
121.129917,31.339657,1746
121.129856,31.340239,1747
121.130524,31.340992,1748
121.13081,31.341515,1749
121.130672,31.342094,1750
121.130351,31.342588,1751
121.130264,31.343139,1752
121.130524,31.343836,1753
121.130438,31.344207,1754
121.129553,31.343885,1755
121.127776,31.343361,1756
121.126362,31.342919,1757
121.123942,31.342759,1758
121.122528,31.342881,1759
121.121401,31.343245,1760
121.120394,31.343367,1761
121.117974,31.343449,1762
121.117324,31.347125,1763
121.119623,31.347488,1764
121.120195,31.347568,1765
121.120109,31.348013,1766
121.119302,31.349062,1767
121.118296,31.350274,1768
121.117975,31.351405,1769
121.117246,31.35169,1770
121.115953,31.351489,1771
121.114218,31.350843,1772
121.112526,31.350479,1773
121.11184,31.350521,1774
121.111519,31.35137,1775
121.111155,31.35153,1776
121.110504,31.351329,1777
121.109132,31.350765,1778
121.108325,31.350643,1779
121.107961,31.352906,1780
121.108204,31.353389,1781
121.108412,31.354036,1782
121.107961,31.35456,1783
121.107362,31.354762,1784
121.107275,31.355248,1785
121.107518,31.356136,1786
121.107276,31.357186,1787
121.108083,31.357306,1788
121.107961,31.357872,1789
121.107883,31.358437,1790
121.107927,31.359327,1791
121.108248,31.360455,1792
121.107962,31.361426,1793
121.107641,31.362275,1794
121.107241,31.363324,1795
121.106755,31.364535,1796
121.106799,31.365505,1797
121.106947,31.366515,1798
121.106955,31.366595,1799
121.107841,31.366682,1800
121.108205,31.366716,1801
121.108248,31.366393,1802
121.108891,31.366514,1803
121.109134,31.365107,1804
121.109281,31.364701,1805
121.110444,31.364642,1806
121.112848,31.365134,1807
121.113221,31.365716,1808
121.112961,31.366324,1809
121.113169,31.366875,1810
121.11369,31.367194,1811
121.114358,31.367398,1812
121.11723,31.367657,1813
121.118384,31.367773,1814
121.118679,31.368325,1815
121.119312,31.368526,1816
121.120215,31.368671,1817
121.120327,31.369252,1818
121.119078,31.370558,1819
121.116927,31.37059,1820
121.116727,31.371317,1821
121.115226,31.37114,1822
121.113751,31.374449,1823
121.116042,31.375153,1824
121.118211,31.37584,1825
121.120302,31.377056,1826
121.123286,31.378476,1827
121.124752,31.375874,1828
121.125602,31.376399,1829
121.125437,31.378053,1830
121.126608,31.378295,1831
121.126928,31.377407,1832
121.128585,31.377848,1833
121.128464,31.378656,1834
121.131247,31.379662,1835
121.131767,31.378815,1836
121.132981,31.379298,1837
121.137299,31.380949,1838
121.138412,31.381146,1839
121.138206,31.381721,1840
121.137991,31.382376,1841
121.13752,31.382789,1842
121.137941,31.383572,1843
121.138625,31.383088,1844
121.139674,31.383449,1845
121.139354,31.384176,1846
121.141044,31.384536,1847
121.141425,31.383546,1848
121.148437,31.385407,1849
121.14842,31.386627,1850
121.148983,31.386908,1851
121.148706,31.387473,1852
121.148056,31.387717,1853
121.147215,31.388365,1854
121.146652,31.38893,1855
121.146652,31.389254,1856
121.147094,31.3899,1857
121.146366,31.390629,1858
121.145681,31.391354,1859
121.145031,31.391599,1860
121.144919,31.391275,1861
121.144919,31.390913,1862
121.144633,31.390952,1863
121.144147,31.391439,1864
121.143705,31.391924,1865
121.143827,31.392328,1866
121.144555,31.392609,1867
121.146565,31.393374,1868
121.148021,31.394058,1869
121.149469,31.394498,1870
121.148905,31.395105,1871
121.148342,31.395753,1872
121.147779,31.39644,1873
121.147658,31.39733,1874
121.148741,31.397934,1875
121.149634,31.398215,1876
121.150353,31.398172,1877
121.151609,31.397846,1878
121.152571,31.397967,1879
121.152736,31.398168,1880
121.152571,31.398774,1881
121.152294,31.399059,1882
121.150474,31.399303,1883
121.14959,31.399384,1884
121.149105,31.399709,1885
121.149071,31.400314,1886
121.149513,31.400759,1887
121.149998,31.400879,1888
121.150838,31.400715,1889
121.151081,31.400999,1890
121.150492,31.402212,1891
121.151948,31.403015,1892
121.152988,31.403208,1893
121.153898,31.403686,1894
121.153343,31.404588,1895
121.153785,31.404789,1896
121.153101,31.405841,1897
121.153863,31.406285,1898
121.154504,31.406242,1899
121.155232,31.406402,1900
121.157329,31.407651,1901
121.158819,31.405668,1902
121.159382,31.405789,1903
121.157892,31.407893,1904
121.158499,31.408133,1905
121.158256,31.408415,1906
121.15797,31.408861,1907
121.15797,31.409226,1908
121.158741,31.409788,1909
121.158863,31.410112,1910
121.158456,31.410475,1911
121.157814,31.411082,1912
121.15713,31.411367,1913
121.156809,31.411164,1914
121.155839,31.410399,1915
121.155475,31.4104,1916
121.155033,31.410965,1917
121.154505,31.411574,1918
121.154747,31.411936,1919
121.155475,31.412137,1920
121.155882,31.412539,1921
121.155796,31.413065,1922
121.155519,31.413832,1923
121.154956,31.413995,1924
121.154548,31.413875,1925
121.153907,31.413593,1926
121.1535,31.413674,1927
121.153422,31.414078,1928
121.153223,31.414524,1929
121.152815,31.414564,1930
121.152295,31.414404,1931
121.151646,31.414444,1932
121.151125,31.41505,1933
121.150918,31.415496,1934
121.150476,31.415739,1935
121.14967,31.415578,1936
121.149271,31.41562,1937
121.148907,31.415861,1938
121.148829,31.416469,1939
121.149272,31.419132,1940
121.148665,31.419133,1941
121.14818,31.419902,1942
121.146204,31.419703,1943
121.146247,31.421075,1944
121.148267,31.421072,1945
121.1485,31.421517,1946
121.149107,31.421637,1947
121.151161,31.421794,1948
121.150641,31.422683,1949
121.150884,31.423086,1950
121.151447,31.423329,1951
121.152617,31.423448,1952
121.152738,31.423891,1953
121.153544,31.42389,1954
121.153743,31.424174,1955
121.153743,31.425183,1956
121.155277,31.425745,1957
121.155719,31.425623,1958
121.156404,31.425621,1959
121.157729,31.426023,1960
121.158058,31.425579,1961
121.159384,31.425981,1962
121.159791,31.425253,1963
121.161359,31.425775,1964
121.160917,31.426744,1965
121.161039,31.427067,1966
121.161966,31.427309,1967
121.162001,31.427954,1968
121.162486,31.427994,1969
121.162928,31.427429,1970
121.163335,31.427387,1971
121.164305,31.427224,1972
121.16434,31.430374,1973
121.16434,31.43106,1974
121.163976,31.431302,1975
121.163656,31.431061,1976
121.163612,31.430779,1977
121.163612,31.42896,1978
121.163136,31.429002,1979
121.16317,31.429527,1980
121.162529,31.42957,1981
121.162486,31.430699,1982
121.163136,31.430982,1983
121.163092,31.431707,1984
121.162711,31.432215,1985
121.158483,31.432253,1986
121.154983,31.432752,1987
121.152488,31.433599,1988
121.149827,31.434879,1989
121.148701,31.435606,1990
121.147826,31.436187,1991
121.14728,31.436826,1992
121.146873,31.437263,1993
121.147419,31.437711,1994
121.14657,31.439004,1995
121.147861,31.439447,1996
121.147055,31.440862,1997
121.14689,31.441265,1998
121.147254,31.441871,1999
121.147783,31.442475,2000
121.147904,31.442799,2001
121.147662,31.443324,2002
121.147341,31.44393,2003
121.16092,31.449681,2004
121.162124,31.448872,2005
121.163051,31.44887,2006
121.164506,31.449393,2007
121.165468,31.449875,2008
121.165486,31.449875,2009
121.166054,31.450173,2010
121.167733,31.448318,2011
121.168335,31.448537,2012
121.168777,31.449183,2013
121.169384,31.449907,2014
121.169826,31.450027,2015
121.170388,31.449866,2016
121.171471,31.44946,2017
121.17232,31.449055,2018
121.173767,31.449052,2019
121.17498,31.449291,2020
121.177639,31.450256,2021
121.178765,31.450901,2022
121.179857,31.45122,2023
121.180819,31.451461,2024
121.184249,31.453554,2025
121.18606,31.454358,2026
121.186181,31.454883,2027
121.186181,31.455286,2028
121.185618,31.456178,2029
121.185454,31.456903,2030
121.185454,31.457469,2031
121.18574,31.458116,2032
121.186182,31.458801,2033
121.186182,31.459647,2034
121.186061,31.460819,2035
121.189448,31.462268,2036
121.189205,31.462752,2037
121.189405,31.463194,2038
121.191285,31.464717,2039
121.192992,31.466077,2040
121.194317,31.467507,2041
121.195045,31.467829,2042
121.195972,31.467908,2043
121.197904,31.468065,2044
121.199274,31.468387,2045
121.200322,31.469112,2046
121.201613,31.469272,2047
121.202904,31.469351,2048
121.203268,31.469712,2049
121.203346,31.470359,2050
121.202904,31.471328,2051
121.203026,31.471894,2052
121.203424,31.472336,2053
121.205565,31.473829,2054
121.206371,31.474997,2055
121.207472,31.475686,2056
121.208486,31.476294,2057
121.20982,31.477132,2058
121.212802,31.478029,2059
121.213799,31.478908,2060
121.214371,31.479129,2061
121.21503,31.478837,2062
121.215238,31.478314,2063
121.21503,31.477531,2064
121.214718,31.477039,2065
121.214111,31.476633,2066
121.213643,31.476315,2067
121.213643,31.475937,2068
121.214596,31.475821,2069
121.216451,31.47576,2070
121.217778,31.475628,2071
121.219069,31.475223,2072
121.220725,31.476067,2073
121.221566,31.476149,2074
121.223179,31.475945,2075
121.224999,31.475902,2076
121.225355,31.476023,2077
121.225841,31.47691,2078
121.226205,31.477678,2079
121.226769,31.47804,2080
121.227697,31.478039,2081
121.228746,31.477715,2082
121.229795,31.477351,2083
121.230359,31.477431,2084
121.230402,31.477996,2085
121.230723,31.480096,2086
121.230845,31.481106,2087
121.230073,31.481547,2088
121.229345,31.481723,2089
121.228677,31.48213,2090
121.228885,31.482941,2091
121.22964,31.48352,2092
121.230186,31.48413,2093
121.230767,31.484941,2094
121.231348,31.485724,2095
121.232389,31.487086,2096
121.232997,31.4879,2097
121.233751,31.488101,2098
121.234393,31.487753,2099
121.235,31.487725,2100
121.235408,31.4881,2101
121.235261,31.489087,2102
121.234853,31.491959,2103
121.23474,31.492684,2104
121.235235,31.49312,2105
121.235929,31.493003,2106
121.236475,31.492568,2107
121.23723,31.491958,2108
121.238072,31.491899,2109
121.2388,31.492248,2110
121.240076,31.493232,2111
121.240883,31.493696,2112
121.241525,31.493637,2113
121.241898,31.49329,2114
121.241811,31.492624,2115
121.24149,31.491984,2116
121.241143,31.490911,2117
121.241403,31.490301,2118
121.242045,31.490041,2119
121.242306,31.489658,2120
121.242705,31.489133,2121
121.243312,31.488284,2122
121.243798,31.487316,2123
121.243477,31.485458,2124
121.243841,31.485054,2125
121.244075,31.484529,2126
121.243841,31.483882,2127
121.244075,31.483196,2128
121.244405,31.482632,2129
121.244405,31.481178,2130
121.245333,31.481177,2131
121.246175,31.481379,2132
121.246262,31.481984,2133
121.248397,31.481862,2134
121.24844,31.480853,2135
121.246704,31.480773,2136
121.246618,31.479925,2137
121.24581,31.479886,2138
121.245975,31.479078,2139
121.246496,31.478755,2140
121.246739,31.47827,2141
121.246947,31.477543,2142
121.247069,31.477059,2143
121.247667,31.476896,2144
121.248318,31.477059,2145
121.24969,31.477623,2146
121.249967,31.477986,2147
121.250211,31.478674,2148
121.251183,31.478674,2149
121.251226,31.479602,2150
121.253362,31.479804,2151
121.253518,31.481117,2152
121.252858,31.481195,2153
121.252902,31.481814,2154
121.253675,31.481851,2155
121.253631,31.483088,2156
121.254291,31.483051,2157
121.254427,31.483747,2158
121.255645,31.483631,2159
121.255254,31.480653,2160
121.255142,31.479068,2161
121.254751,31.478178,2162
121.254794,31.477638,2163
121.255098,31.477445,2164
121.255445,31.477599,2165
121.255645,31.478063,2166
121.255914,31.47787,2167
121.256374,31.47756,2168
121.256374,31.477909,2169
121.256374,31.478953,2170
121.256105,31.47899,2171
121.255949,31.479648,2172
121.256262,31.479726,2173
121.256765,31.479687,2174
121.25719,31.479377,2175
121.257807,31.479223,2176
121.257694,31.478758,2177
121.25719,31.478758,2178
121.25719,31.478102,2179
121.257651,31.477792,2180
121.259431,31.477947,2181
121.260282,31.478372,2182
121.261055,31.478683,2183
121.261058,31.478692,2184
121.261338,31.478774,2185
121.261461,31.478852,2186
121.261551,31.479083,2187
121.261609,31.47972,2188
121.261666,31.480401,2189
121.261731,31.480781,2190
121.261853,31.481012,2191
121.26202,31.481186,2192
121.262683,31.481456,2193
121.262798,31.481585,2194
121.262877,31.481779,2195
121.263374,31.482046,2196
121.264459,31.482435,2197
121.265154,31.483129,2198
121.267439,31.483363,2199
121.267395,31.48491,2200
121.267326,31.486223,2201
121.267977,31.486224,2202
121.267899,31.486727,2203
121.268247,31.487075,2204
121.268872,31.487461,2205
121.26922,31.487153,2206
121.269837,31.486882,2207
121.270453,31.486805,2208
121.270453,31.485259,2209
121.270801,31.485106,2210
121.271461,31.484989,2211
121.272043,31.484331,2212
121.272895,31.484681,2213
121.27425,31.485108,2214
121.276223,31.485378,2215
121.276449,31.486655,2216
121.277378,31.486773,2217
121.277726,31.487275,2218
121.277961,31.487854,2219
121.278656,31.488241,2220
121.279821,31.48836,2221
121.280325,31.488668,2222
121.279699,31.490408,2223
121.280629,31.490718,2224
121.281368,31.490757,2225
121.281681,31.489907,2226
121.282063,31.48987,2227
121.282532,31.490025,2228
121.283149,31.490025,2229
121.283688,31.489794,2230
121.28388,31.490684,2231
121.285358,31.490685,2232
121.28547,31.490375,2233
121.285862,31.48995,2234
121.286401,31.489719,2235
121.287331,31.489487,2236
121.287869,31.488948,2237
121.288374,31.489102,2238
121.288913,31.489103,2239
121.289382,31.489028,2240
121.289686,31.489336,2241
121.28973,31.489568,2242
121.289539,31.489879,2243
121.28973,31.490187,2244
121.290269,31.490806,2245
121.290426,31.491078,2246
121.290617,31.491697,2247
121.291513,31.491698,2248
121.291625,31.491312,2249
121.292286,31.490616,2250
121.292243,31.490229,2251
121.292982,31.490345,2252
121.293486,31.489806,2253
121.294103,31.490078,2254
121.295382,31.490466,2255
121.295999,31.490968,2256
121.297356,31.491356,2257
121.298599,31.491514,2258
121.298556,31.493717,2259
121.297547,31.493638,2260
121.297547,31.494102,2261
121.300495,31.494532,2262
121.300861,31.496749,2263
121.300261,31.498373,2264
121.300983,31.498531,2265
121.301426,31.497924,2266
121.302496,31.498446,2267
121.302061,31.49891,2268
121.300956,31.498967,2269
121.299931,31.499758,2270
121.300939,31.500636,2271
121.301765,31.499606,2272
121.302131,31.499192,2273
121.302444,31.499555,2274
121.301461,31.501293,2275
121.302035,31.501734,2276
121.302105,31.502394,2277
121.302592,31.502601,2278
121.302836,31.502221,2279
121.303253,31.502326,2280
121.303566,31.501945,2281
121.304123,31.502015,2282
121.30454,31.5025,2283
121.304645,31.502813,2284
121.30521,31.502811,2285
121.305871,31.50344,2286
121.305245,31.504113,2287
121.305297,31.504554,2288
121.305114,31.505023,2289
121.305532,31.505336,2290
121.306315,31.505389,2291
121.306706,31.505182,2292
121.307585,31.505313,2293
121.308133,31.504663,2294
121.308733,31.504742,2295
121.308472,31.505263,2296
121.310351,31.505915,2297
121.310968,31.505007,2298
121.311751,31.504904,2299
121.312038,31.504099,2300
121.311699,31.50402,2301
121.311934,31.502903,2302
121.312429,31.502826,2303
121.312873,31.502618,2304
121.313004,31.502204,2305
121.313839,31.502205,2306
121.313839,31.501815,2307
121.313264,31.501527,2308
121.313421,31.500748,2309
121.314282,31.500802,2310
121.315344,31.501273,2311
121.31584,31.501896,2312
121.316683,31.503489,2313
121.316623,31.503994,2314
121.316544,31.504964,2315
121.316649,31.50577,2316
121.320164,31.505881,2317
121.320033,31.505205,2318
121.320451,31.504945,2319
121.320616,31.504681,2320
121.320633,31.504193,2321
121.321729,31.504247,2322
121.321886,31.503338,2323
121.320685,31.503205,2324
121.320033,31.502996,2325
121.320007,31.502295,2326
121.320007,31.501643,2327
121.319798,31.50089,2328
121.319902,31.49972,2329
121.320502,31.499617,2330
121.320528,31.499307,2331
121.321651,31.499361,2332
121.321729,31.499828,2333
121.322503,31.499849,2334
121.322512,31.499363,2335
121.323704,31.499649,2336
121.323652,31.500498,2337
121.323312,31.500888,2338
121.32313,31.502292,2339
121.323522,31.502707,2340
121.324487,31.502865,2341
121.324513,31.504174,2342
121.325427,31.50428,2343
121.325662,31.503258,2344
121.327219,31.503571,2345
121.327211,31.504244,2346
121.328533,31.504574,2347
121.328655,31.504121,2348
121.329516,31.504253,2349
121.335833,31.508295,2350
121.343498,31.512056,2351
121.350562,31.510257,2352
121.357755,31.508255,2353
121.36226,31.506786,2354
121.368341,31.504359,2355
121.376295,31.50111,2356
121.40543,31.487219,2357
121.406287,31.485382,2358
121.405246,31.483239,2359
121.403972,31.481489,2360
121.404335,31.479212,2361
121.406574,31.478073,2362
121.409699,31.476325,2363
121.415332,31.472792,2364
121.415346,31.472779,2365
121.415372,31.472767,2366
121.418688,31.470685,2367
121.434269,31.458491,2368
121.446027,31.45072,2369
121.4637,31.438283,2370
121.470961,31.431823,2371
121.476975,31.426906,2372
121.479752,31.425018,2373
121.490721,31.419971,2374
121.492797,31.418823,2375
121.494267,31.417846,2376
121.496274,31.41586,2377
121.503962,31.408654,2378
121.505997,31.40702,2379
121.506998,31.408269,2380
121.507175,31.408896,2381
121.507227,31.409722,2382
121.506877,31.410444,2383
121.507,31.410866,2384
121.50735,31.411058,2385
121.510538,31.409291,2386
121.510631,31.408891,2387
121.51042,31.40854,2388
121.509428,31.408292,2389
121.508786,31.407907,2390
121.508258,31.407394,2391
121.507354,31.405931,2392
121.521232,31.394788,2393
